id,neighbourhood_cleansed,neighbourhood_group_cleansed,property_type,room_type,latitude,longitude,price,minimum_nights,maximum_nights,accommodates,bedrooms,beds,number_of_reviews,number_of_reviews_ltm,reviews_per_month,review_scores_rating,review_scores_cleanliness,review_scores_communication,review_scores_location,review_scores_value,host_is_superhost,host_response_rate,host_listings_count,availability_365,price_normalized,weighted_score
1.0164493432147236e+18,el Baix Guinardó,Horta-Guinardó,Private room in rental unit,Private room,41.41098179999999,2.1642917,55.0,1.0,365.0,1.0,1.0,0.0,2.0,2.0,1.28,4.5,5.0,4.5,5.0,4.5,f,100%,1.0,261.0,0.8642068445236952,1.3182103422261848
9.00907375525248e+17,la Nova Esquerra de l'Eixample,Eixample,Private room in rental unit,Private room,41.38822640696799,2.143251058776164,60.0,1.0,25.0,1.0,1.0,0.0,20.0,20.0,2.14,4.4,4.4,4.6,4.65,4.55,f,100%,1.0,55.0,0.8491187161374392,1.327455935806872
31884524.0,el Poblenou,Sant Martí,Private room in rental unit,Private room,41.40425,2.19918,45.0,1.0,365.0,1.0,1.0,0.0,10.0,10.0,4.495681818181817,4.6,4.6,4.9,4.7,4.5,f,100%,1.0,238.0,0.8943831012962074,1.3397191550648104
8.93890275442034e+17,el Raval,Ciutat Vella,Private room in rental unit,Private room,41.37947628835997,2.172699327361274,70.0,1.0,1125.0,1.0,1.0,0.0,2.0,2.0,0.24,5.0,5.0,5.0,5.0,4.5,f,38%,1.0,349.0,0.8189424593649269,1.3409471229682464
7.638835784212755e+17,Pedralbes,Les Corts,Private room in rental unit,Private room,41.39054,2.12652,65.0,1.0,30.0,1.0,1.0,0.0,32.0,32.0,2.94,4.79,4.91,4.91,4.84,4.69,f,100%,1.0,0.0,0.8340305877511831,1.3562015293875593
8.42126611333474e+17,el Carmel,Horta-Guinardó,Private room in rental unit,Private room,41.42407,2.15129,70.0,2.0,1125.0,1.0,0.0,0.0,6.0,6.0,0.56,5.0,4.67,5.0,5.0,4.67,t,100%,1.0,325.0,0.8189424593649269,1.3579471229682465
1.0232725327200988e+18,les Roquetes,Nou Barris,Private room in rental unit,Private room,41.445487161368746,2.177829332649708,42.0,1.0,365.0,1.0,1.0,0.0,3.0,3.0,1.34,4.67,4.33,5.0,5.0,4.67,f,100%,1.0,266.0,0.9034359783279611,1.3621717989163982
9.14559057079444e+17,la Prosperitat,Nou Barris,Private room in rental unit,Private room,41.44432313657982,2.185316277843713,35.0,2.0,30.0,1.0,0.0,0.0,3.0,3.0,1.88,5.0,5.0,5.0,4.67,4.67,f,100%,1.0,14.0,0.9245593580687196,1.3632279679034363
7.855471703283414e+17,el Guinardó,Horta-Guinardó,Private room in rental unit,Private room,41.423608,2.1743695,30.0,1.0,365.0,1.0,1.0,0.0,115.0,40.0,4.495681818181817,4.78,4.88,4.78,4.58,4.79,t,95%,1.0,1.0,0.9396474864549756,1.3649823743227492
1.0370013920071247e+18,la Barceloneta,Ciutat Vella,Private room in rental unit,Private room,41.37910418892118,2.19079532806468,43.0,1.0,365.0,1.0,1.0,0.0,18.0,18.0,4.495681818181817,4.83,4.72,5.0,4.94,4.72,f,100%,1.0,222.0,0.9004183526507098,1.3670209176325356
9.267458438791288e+17,Sant Antoni,Eixample,Private room in casa particular,Private room,41.375871985384805,2.162016941237257,70.0,1.0,7.0,1.0,1.0,0.0,32.0,32.0,4.25,4.97,4.97,4.97,4.97,4.91,t,100%,1.0,11.0,0.8189424593649269,1.3804471229682465
1.0120276671779132e+18,el Clot,Sant Martí,Private room in rental unit,Private room,41.40749221657891,2.185784221138112,40.0,1.0,365.0,1.0,1.0,0.0,1.0,1.0,1.0,4.0,4.0,5.0,5.0,5.0,f,81%,1.0,223.0,0.9094712296824635,1.3954735614841232
8075880.0,la Font d'en Fargues,Horta-Guinardó,Private room in rental unit,Private room,41.42212,2.16948,71.0,1.0,1125.0,1.0,1.0,1.0,1.0,1.0,0.12,3.863863636363636,3.895000000000001,4.1431818181818185,4.28,3.683636363636365,f,20%,1.0,145.0,0.8159248336876758,1.4163189689571116
20909180.0,el Turó de la Peira,Nou Barris,Private room in home,Private room,41.43049,2.17194,48.0,2.0,1125.0,1.0,1.0,0.0,22.0,21.0,0.52,4.64,4.82,4.82,4.41,4.59,f,100%,1.0,348.0,0.8853302242644537,1.4442665112132231
8.670637458567756e+17,la Sagrada Família,Eixample,Private room in rental unit,Private room,41.40364719999999,2.1806807,52.0,1.0,365.0,1.0,1.0,1.0,0.0,0.0,1.9381818181818184,4.214545454545455,4.36,4.474545454545455,4.28,3.799090909090909,f,80%,1.0,341.0,0.8732597215554488,1.4472993497141362
1.0841822942977628e+18,el Clot,Sant Martí,Private room in rental unit,Private room,41.4106856,2.1894034,53.0,1.0,365.0,1.0,1.0,1.0,0.0,0.0,2.1818181818181817,3.909090909090909,4.060909090909092,4.47,4.28,3.827272727272728,f,100%,1.0,248.0,0.8702420958781977,1.449739377521183
1.0084702003726612e+18,"Sant Pere, Santa Caterina i la Ribera",Ciutat Vella,Private room in condo,Private room,41.38297267742562,2.184043705949677,39.0,1.0,365.0,1.0,1.0,1.0,4.0,4.0,1.56,3.863863636363636,3.895000000000001,4.1431818181818185,5.0,4.0,f,100%,1.0,137.0,0.9124888553597147,1.452783533677077
1.0906865204531168e+18,l'Antiga Esquerra de l'Eixample,Eixample,Private room in rental unit,Private room,41.38684,2.15555,200.0,1.0,365.0,1.0,1.0,1.0,0.0,0.0,2.0,4.227272727272728,4.115454545454546,4.345454545454545,4.8,4.193636363636363,f,50%,1.0,269.0,0.4266511213222687,1.4579689197024772
51273868.0,el Camp d'en Grassot i Gràcia Nova,Gràcia,Private room in rental unit,Private room,41.40588,2.1631,67.0,1.0,31.0,1.0,1.0,1.0,0.0,0.0,3.227272727272727,4.235454545454545,4.463636363636364,4.334545454545455,4.349090909090909,4.010909090909092,f,100%,1.0,59.0,0.8279953363966807,1.4592179486380163
1.0796003123116786e+18,el Poble Sec,Sants-Montjuïc,Private room in rental unit,Private room,41.3748152,2.1611738,50.0,1.0,365.0,2.0,1.0,0.0,0.0,0.0,2.179090909090909,4.291818181818181,3.966363636363636,4.333636363636364,4.511818181818182,4.007272727272727,f,63%,1.0,57.0,0.8792949729099513,1.4613738395545885
7.052300347622737e+17,Vallcarca i els Penitents,Gràcia,Private room in rental unit,Private room,41.415135842882215,2.139146117319489,68.0,1.0,365.0,1.0,1.0,1.0,0.0,0.0,1.8890909090909087,4.247272727272727,4.28,4.427272727272727,4.508181818181819,4.049090909090909,f,0%,1.0,364.0,0.8249777107194294,1.467521612808699
6.765359571187896e+17,Sant Gervasi - Galvany,Sarrià-Sant Gervasi,Private room in rental unit,Private room,41.39533470000001,2.1441402,130.0,1.0,365.0,1.0,1.0,1.0,0.0,0.0,1.1963636363636363,4.349090909090909,4.641818181818182,4.6054545454545455,4.594545454545455,4.091818181818181,f,83%,1.0,269.0,0.6378849187298539,1.4713487913910381
8.384209074995892e+17,la Vila de Gràcia,Gràcia,Private room in rental unit,Private room,41.40360718550697,2.1527838614461627,150.0,1.0,365.0,1.0,1.0,1.0,10.0,10.0,1.35,4.4,4.1,4.6,4.8,4.2,f,59%,1.0,199.0,0.5775324051848296,1.4788766202592416
9.092593899642852e+17,Sant Gervasi - Galvany,Sarrià-Sant Gervasi,Private room in rental unit,Private room,41.39752,2.14499,100.0,1.0,365.0,1.0,1.0,1.0,0.0,0.0,1.6663636363636365,4.348181818181818,4.407272727272727,4.588181818181818,4.696363636363635,4.180000000000001,f,91%,1.0,364.0,0.7284136890473905,1.4838297753614607
7.460520984063414e+17,Sant Antoni,Eixample,Private room in rental unit,Private room,41.3768011,2.1605811,100.0,1.0,1125.0,2.0,1.0,0.0,24.0,21.0,1.44,4.42,4.54,4.63,4.46,4.17,f,100%,1.0,354.0,0.7284136890473905,1.4849206844523697
51852510.0,Verdun,Nou Barris,Private room in rental unit,Private room,41.4452068,2.178308,100.0,1.0,365.0,1.0,1.0,1.0,1.0,1.0,0.2,5.0,5.0,5.0,4.28,4.0,f,64%,1.0,89.0,0.7284136890473905,1.4864206844523697
1.0773231655875882e+18,Provençals del Poblenou,Sant Martí,Private room in rental unit,Private room,41.41765,2.2076,30.0,1.0,365.0,1.0,1.0,1.0,0.0,0.0,1.8554545454545457,4.162727272727273,4.3963636363636365,4.548181818181818,4.694545454545454,4.128181818181819,f,5%,1.0,226.0,0.9396474864549756,1.4872096470500218
8.910211615007927e+17,Sant Gervasi - Galvany,Sarrià-Sant Gervasi,Private room in guesthouse,Private room,41.39949498440221,2.1438860897619434,35.0,2.0,365.0,1.0,1.0,0.0,14.0,14.0,1.41,4.93,4.57,5.0,4.86,4.93,f,55%,1.0,180.0,0.9245593580687196,1.4892279679034361
9.759164683555666e+17,Sants,Sants-Montjuïc,Private room in rental unit,Private room,41.37485683311514,2.1322373906443888,56.0,1.0,365.0,1.0,1.0,1.0,0.0,0.0,2.979090909090909,4.271818181818182,4.544545454545455,4.751818181818182,4.412727272727273,4.109999999999999,f,50%,1.0,177.0,0.8611892188464441,1.4916503700332315
1.014618711731175e+18,l'Antiga Esquerra de l'Eixample,Eixample,Private room in rental unit,Private room,41.3877538,2.1552886,55.0,1.0,365.0,1.0,1.0,1.0,1.0,1.0,0.26,5.0,4.0,5.0,5.0,4.0,f,0%,1.0,265.0,0.8642068445236952,1.4932103422261849
1.0259965209921364e+18,la Nova Esquerra de l'Eixample,Eixample,Private room in rental unit,Private room,41.377030898873286,2.151791224425559,50.0,2.0,365.0,1.0,1.0,0.0,2.0,2.0,2.0,5.0,5.0,5.0,5.0,5.0,f,83%,1.0,247.0,0.8792949729099513,1.4939647486454977
1.0116094413499086e+18,Horta,Horta-Guinardó,Private room in rental unit,Private room,41.43217146397975,2.155102975666523,49.0,1.0,1125.0,1.0,1.0,1.0,2.0,2.0,2.0,4.5,5.0,5.0,4.28,4.0,f,90%,1.0,257.0,0.8823125985872026,1.4941156299293603
40554669.0,el Clot,Sant Martí,Shared room in hostel,Shared room,41.40647,2.18534,30.0,1.0,1125.0,1.0,1.0,1.0,115.0,40.0,4.495681818181817,4.23,4.12,4.45,4.55,4.26,f,100%,1.0,326.0,0.9396474864549756,1.495482374322749
1.0137570896609376e+18,la Dreta de l'Eixample,Eixample,Private room in rental unit,Private room,41.4011277748361,2.171232786363153,70.0,1.0,365.0,2.0,1.0,0.0,0.0,0.0,2.6545454545454543,4.402727272727272,4.496363636363636,4.593636363636364,4.55,4.277272727272727,f,75%,1.0,252.0,0.8189424593649269,1.4983562138773374
8.354344531024877e+17,el Coll,Gràcia,Private room in rental unit,Private room,41.41513675801495,2.1467541586980965,40.0,1.0,365.0,1.0,1.0,1.0,0.0,0.0,0.9672727272727272,4.553636363636364,4.489999999999999,4.693636363636364,4.460909090909091,4.200909090909091,f,10%,1.0,357.0,0.9094712296824635,1.5002462887568506
1.00703062970938e+18,el Raval,Ciutat Vella,Private room in rental unit,Private room,41.37700012004341,2.168542563226729,50.0,1.0,365.0,1.0,1.0,1.0,0.0,0.0,1.6772727272727277,4.306363636363636,4.517272727272727,4.333636363636363,4.826363636363637,4.413636363636363,f,90%,1.0,269.0,0.8792949729099513,1.5020102031909521
30558585.0,la Vila de Gràcia,Gràcia,Private room in rental unit,Private room,41.4042977400806,2.153727151853297,66.0,2.0,15.0,2.0,0.0,0.0,115.0,40.0,2.57,4.34,4.64,4.57,4.73,4.33,f,100%,1.0,64.0,0.8310129620739318,1.5030506481036967
1.047607060289656e+18,la Vila de Gràcia,Gràcia,Private room in rental unit,Private room,41.39842,2.15856,50.0,1.0,365.0,1.0,1.0,1.0,0.0,0.0,2.1563636363636363,4.476363636363636,4.758181818181819,4.845454545454545,4.568181818181818,4.175454545454546,f,0%,1.0,71.0,0.8792949729099513,1.5037829304636794
23932565.0,el Fort Pienc,Eixample,Private room in rental unit,Private room,41.40005,2.17482,215.0909090909091,2.0,1125.0,1.0,0.0,0.0,14.0,0.0,0.19,4.64,4.71,4.71,4.71,4.5,f,67%,2.0,0.0,0.3811124065564776,1.5045556203278239
34697698.0,la Sagrada Família,Eixample,Private room in rental unit,Private room,41.40868,2.17836,30.0,1.0,1125.0,1.0,1.0,1.0,18.0,7.0,0.35,4.33,4.67,4.44,4.61,4.44,f,71%,1.0,90.0,0.9396474864549756,1.512982374322749
7.230224178250182e+17,"Sant Pere, Santa Caterina i la Ribera",Ciutat Vella,Private room in rental unit,Private room,41.3835,2.17973,92.0,1.0,1125.0,1.0,1.0,1.0,19.0,16.0,1.19,4.63,4.42,4.89,4.95,4.32,f,30%,1.0,311.0,0.7525546944654002,1.5141277347232702
6.224636519574235e+17,el Raval,Ciutat Vella,Private room in rental unit,Private room,41.37921,2.17276,79.0,1.0,10.0,1.0,1.0,1.0,26.0,18.0,1.47,4.5,4.42,4.81,4.46,4.35,f,94%,1.0,42.0,0.791783828269666,1.5150891914134834
9.288477007783793e+17,el Poblenou,Sant Martí,Private room in rental unit,Private room,41.4055242,2.2037315,80.0,1.0,1125.0,1.0,1.0,1.0,0.0,0.0,1.7181818181818185,4.815454545454546,4.652727272727272,4.571818181818181,4.823636363636364,4.470909090909091,f,33%,1.0,264.0,0.7887662025924148,1.515120128311439
1.099309416830724e+18,la Vila de Gràcia,Gràcia,Private room in rental unit,Private room,41.39933,2.15973,150.0,1.0,365.0,1.0,1.0,1.0,0.0,0.0,1.6363636363636365,4.795454545454546,4.631818181818182,4.745454545454546,4.836363636363637,4.490909090909091,f,58%,1.0,364.0,0.5775324051848296,1.515240256622878
9.972927064814596e+17,el Raval,Ciutat Vella,Shared room in rental unit,Shared room,41.3790929,2.172666,67.0,2.0,365.0,1.0,1.0,1.0,1.0,1.0,0.2,3.863863636363636,4.0,4.1431818181818185,4.28,3.683636363636365,f,100%,1.0,235.0,0.8279953363966807,1.5169224940925616
1.0890182091744696e+18,el Besòs i el Maresme,Sant Martí,Private room in rental unit,Private room,41.41593,2.21748,28.0,1.0,31.0,1.0,1.0,1.0,0.0,0.0,2.166363636363636,4.485454545454545,4.57,4.588181818181818,4.86090909090909,4.420909090909091,f,100%,1.0,136.0,0.9456827378094781,1.5187841368904742
1.0860053946824296e+18,la Dreta de l'Eixample,Eixample,Private room in rental unit,Private room,41.38817616655413,2.166342245631162,120.0,2.0,365.0,2.0,1.0,0.0,0.0,0.0,1.89,3.9472727272727273,4.159090909090909,4.363636363636363,4.318181818181818,3.683636363636365,f,100%,1.0,251.0,0.6680611755023661,1.5199485133205732
1.0209051383679322e+18,la Nova Esquerra de l'Eixample,Eixample,Private room in rental unit,Private room,41.38602909999999,2.1451992,44.0,1.0,10.0,2.0,1.0,0.0,0.0,0.0,1.9509090909090911,4.369090909090909,4.25,4.843636363636364,4.714545454545455,4.330909090909092,f,0%,1.0,125.0,0.8974007269734586,1.5201427636214007
9.433459571906874e+17,Sant Andreu,Sant Andreu,Private room in rental unit,Private room,41.43963,2.18727,64.0,1.0,1125.0,1.0,1.0,1.0,0.0,0.0,1.570909090909091,4.615454545454546,4.54,4.6481818181818175,4.927272727272727,4.471818181818182,f,100%,1.0,364.0,0.8370482134284343,1.521443319762331
9.05580995532955e+17,la Dreta de l'Eixample,Eixample,Private room in rental unit,Private room,41.3996684,2.1666106,36.0,2.0,364.0,1.0,1.0,1.0,1.0,1.0,0.13,4.0,3.895000000000001,4.1431818181818185,5.0,3.683636363636365,f,50%,1.0,53.0,0.9215417323914683,1.521599813892301
6.616783708613679e+17,el Camp d'en Grassot i Gràcia Nova,Gràcia,Private room in rental unit,Private room,41.40377,2.16832,43.0,1.0,365.0,1.0,1.0,1.0,103.0,40.0,4.495681818181817,4.61,4.59,4.69,4.86,4.46,f,96%,1.0,0.0,0.9004183526507098,1.5255209176325357
2228023.0,Sarrià,Sarrià-Sant Gervasi,Private room in rental unit,Private room,41.39706080475305,2.121822235012625,197.0,1.0,30.0,1.0,1.0,1.0,0.0,0.0,1.530909090909091,4.661818181818182,4.720909090909092,4.829090909090909,4.801818181818181,4.624545454545454,f,58%,1.0,365.0,0.4357039983540223,1.525694290826792
6.562558965216067e+17,Sants - Badal,Sants-Montjuïc,Private room in rental unit,Private room,41.37202,2.12854,40.0,1.0,365.0,1.0,1.0,1.0,80.0,40.0,4.495681818181817,4.51,4.58,4.71,4.49,4.45,f,100%,1.0,338.0,0.9094712296824635,1.5259735614841232
9.03690945771853e+17,la Nova Esquerra de l'Eixample,Eixample,Private room in rental unit,Private room,41.38202,2.15045,120.0,1.0,365.0,1.0,1.0,1.0,0.0,0.0,1.8027272727272723,4.594545454545454,4.531818181818182,4.796363636363637,4.633636363636364,4.558181818181818,f,3%,1.0,365.0,0.6680611755023661,1.5290394224114823
7.09003388952142e+17,el Carmel,Horta-Guinardó,Private room in rental unit,Private room,41.42054,2.15865,55.0,1.0,365.0,1.0,1.0,1.0,0.0,0.0,1.4645454545454546,4.558181818181819,4.416363636363637,4.778181818181818,4.733636363636363,4.470909090909091,f,0%,1.0,364.0,0.8642068445236952,1.529210342226185
5.824864978193856e+17,el Poblenou,Sant Martí,Private room in condo,Private room,41.3970976909551,2.195679295708825,68.0,1.0,30.0,1.0,1.0,1.0,20.0,20.0,2.48,4.85,4.95,5.0,4.8,4.4,t,100%,1.0,293.0,0.8249777107194294,1.5312488855359716
7.347210470881905e+17,el Turó de la Peira,Nou Barris,Private room in condo,Private room,41.43206,2.16856,32.0,1.0,150.0,1.0,1.0,0.0,105.0,40.0,4.495681818181817,4.59,4.78,4.7,4.6,4.51,f,97%,2.0,0.0,0.9336122351004732,1.5326806117550238
6.739502185329094e+17,el Putxet i el Farró,Sarrià-Sant Gervasi,Private room in rental unit,Private room,41.40498,2.14469,40.0,1.0,365.0,1.0,1.0,1.0,19.0,10.0,0.97,4.53,4.89,4.84,4.63,4.47,f,29%,1.0,327.0,0.9094712296824635,1.5344735614841234
1604559.0,el Poble Sec,Sants-Montjuïc,Entire rental unit,Entire home/apt,41.37336,2.1647,120.0,1.0,30.0,2.0,1.0,0.0,115.0,40.0,4.49,4.73,4.55,4.87,4.82,4.63,t,100%,1.0,0.0,0.6680611755023661,1.5399030587751186
22003742.0,el Carmel,Horta-Guinardó,Private room in rental unit,Private room,41.41891,2.1521,65.0,1.0,1125.0,1.0,1.0,1.0,10.0,8.0,0.14,4.9,4.9,4.8,4.28,4.6,f,25%,1.0,30.0,0.8340305877511831,1.5417015293875593
17361756.0,la Dreta de l'Eixample,Eixample,Private room in rental unit,Private room,41.39559,2.16993,175.36363636363637,1.0,8.0,1.0,1.0,1.0,3.0,2.0,0.23,5.0,5.0,5.0,5.0,4.67,f,17%,1.0,78.0,0.5009944448254577,1.542049722241273
8.770060243947732e+17,el Baix Guinardó,Horta-Guinardó,Private room in rental unit,Private room,41.409792508865024,2.1649521772316627,45.0,1.0,365.0,1.0,1.0,1.0,24.0,24.0,2.31,4.71,4.83,4.88,4.75,4.54,f,100%,1.0,295.0,0.8943831012962074,1.5427191550648105
24960097.0,el Barri Gòtic,Ciutat Vella,Private room in rental unit,Private room,41.38265,2.17291,124.0,1.0,30.0,2.0,1.0,0.0,63.0,25.0,0.89,4.71,4.83,4.94,4.92,4.63,f,50%,1.0,73.0,0.6559906727933613,1.5427995336396683
9.142572643549032e+17,la Vila de Gràcia,Gràcia,Private room in rental unit,Private room,41.40568752191794,2.1519869466417907,65.0,1.0,4.0,1.0,1.0,1.0,21.0,21.0,2.45,4.76,4.95,4.9,4.9,4.57,f,92%,1.0,83.0,0.8340305877511831,1.5437015293875593
1.1013093468237078e+18,el Camp de l'Arpa del Clot,Sant Martí,Private room in rental unit,Private room,41.4123,2.17772,65.0,1.0,365.0,1.0,1.0,1.0,0.0,0.0,1.0909090909090908,4.863636363636363,4.727272727272728,4.909090909090909,4.818181818181818,4.590909090909091,f,100%,1.0,225.0,0.8340305877511831,1.546246983933014
1.1150311311636964e+18,Vallcarca i els Penitents,Gràcia,Private room in rental unit,Private room,41.41518963426094,2.1427880021752213,47.0,1.0,90.0,1.0,1.0,1.0,0.0,0.0,1.2727272727272727,4.681818181818182,4.681818181818182,4.954545454545454,4.7727272727272725,4.545454545454546,f,71%,1.0,364.0,0.888347849941705,1.5466901197698129
1.1151570664705871e+18,la Sagrera,Sant Andreu,Private room in rental unit,Private room,41.42449291943136,2.1917271986603737,38.0,1.0,365.0,1.0,1.0,1.0,0.0,0.0,1.2727272727272727,4.681818181818182,4.681818181818182,4.954545454545454,4.7727272727272725,4.545454545454546,f,71%,1.0,269.0,0.915506481036966,1.548048051324576
5.984966653118175e+17,la Sagrada Família,Eixample,Private room in rental unit,Private room,41.40465663426656,2.1787350971386825,63.0,1.0,1125.0,1.0,1.0,1.0,18.0,18.0,2.22,4.94,4.78,4.94,4.89,4.61,t,0%,1.0,176.0,0.8400658391056854,1.5500032919552844
1.10133677996479e+18,el Baix Guinardó,Horta-Guinardó,Private room in rental unit,Private room,41.4141958,2.1635021,40.0,1.0,100.0,2.0,1.0,0.0,0.0,0.0,1.0909090909090908,4.863636363636363,4.727272727272728,4.909090909090909,4.818181818181818,4.590909090909091,f,0%,1.0,3.0,0.9094712296824635,1.550019016029578
7.037473428116434e+17,Sants - Badal,Sants-Montjuïc,Private room in rental unit,Private room,41.37464,2.12508,50.0,1.0,30.0,1.0,1.0,1.0,18.0,11.0,0.99,4.94,4.83,4.94,4.89,4.67,f,100%,1.0,139.0,0.8792949729099513,1.5579647486454977
35838437.0,"Sant Pere, Santa Caterina i la Ribera",Ciutat Vella,Room in boutique hotel,Private room,41.3856,2.17778,138.0,1.0,1125.0,1.0,1.0,1.0,0.0,0.0,0.31,4.74,4.673636363636363,4.943636363636364,4.856363636363636,4.801818181818182,f,0%,1.0,80.0,0.6137439133118442,1.5580508320292288
9.600739533648918e+17,la Barceloneta,Ciutat Vella,Private room in home,Private room,41.3808356978728,2.19054913160866,67.0,1.0,3.0,1.0,1.0,1.0,25.0,25.0,4.03,4.84,4.84,4.92,4.96,4.72,t,80%,1.0,19.0,0.8279953363966807,1.5593997668198343
12840292.0,Sant Antoni,Eixample,Private room in bed and breakfast,Private room,41.37673,2.15781,46.0,1.0,1125.0,1.0,1.0,1.0,93.0,40.0,0.99,4.76,4.76,4.81,4.92,4.75,f,100%,1.0,78.0,0.8913654756189562,1.560068273780948
9.506281132933606e+17,la Sagrada Família,Eixample,Private room in rental unit,Private room,41.4014445,2.1746048,60.0,1.0,4.0,1.0,1.0,1.0,13.0,13.0,2.35,4.85,4.92,5.0,5.0,4.69,t,100%,1.0,0.0,0.8491187161374392,1.561455935806872
1.0036462806049807e+18,la Verneda i la Pau,Sant Martí,Private room in rental unit,Private room,41.4234104,2.201881,51.0,1.0,4.0,1.0,1.0,1.0,16.0,16.0,3.53,4.88,5.0,5.0,4.75,4.69,t,100%,1.0,155.0,0.8762773472327001,1.5628138673616352
6.38889726879582e+17,el Guinardó,Horta-Guinardó,Private room in rental unit,Private room,41.4227,2.17359,40.0,1.0,1.0,1.0,1.0,1.0,115.0,40.0,4.495681818181817,4.8,4.83,4.8,4.56,4.78,t,97%,1.0,325.0,0.9094712296824635,1.5634735614841233
9.078012779548815e+17,Sants - Badal,Sants-Montjuïc,Private room in rental unit,Private room,41.37579321293503,2.1254990388865544,33.0,1.0,33.0,1.0,1.0,1.0,44.0,40.0,4.495681818181817,4.8,4.8,4.86,4.79,4.75,t,96%,1.0,40.0,0.930594609423222,1.5645297304711614
7.170439300704396e+17,el Camp de l'Arpa del Clot,Sant Martí,Room in hotel,Private room,41.40812283228503,2.1856731792040662,143.0,1.0,365.0,2.0,0.0,1.0,74.0,40.0,4.495681818181817,4.3,4.57,4.47,4.42,4.12,f,100%,1.0,271.0,0.5986557849255881,1.5654327892462796
7.48539535285061e+17,Sants,Sants-Montjuïc,Private room in casa particular,Private room,41.37481,2.13806,34.0,1.0,35.0,1.0,1.0,1.0,7.0,7.0,1.36,4.43,4.43,5.0,4.71,4.71,f,100%,1.0,12.0,0.9275769837459708,1.5673788491872986
8.24500083579126e+17,Verdun,Nou Barris,Private room in home,Private room,41.44303514407981,2.1781431852401623,51.0,2.0,365.0,1.0,1.0,1.0,14.0,12.0,1.08,4.29,4.79,4.36,4.29,4.07,f,55%,1.0,78.0,0.8762773472327001,1.5688138673616352
33505828.0,la Nova Esquerra de l'Eixample,Eixample,Private room in rental unit,Private room,41.38623,2.14639,81.0,1.0,60.0,1.0,1.0,1.0,35.0,20.0,0.58,4.89,5.0,4.94,4.83,4.83,t,88%,1.0,37.0,0.7857485769151635,1.5692874288457583
7.330533142096544e+17,el Besòs i el Maresme,Sant Martí,Private room in rental unit,Private room,41.41686,2.21773,40.0,1.0,1125.0,1.0,1.0,1.0,49.0,40.0,3.58,4.86,4.92,4.94,4.47,4.8,t,100%,1.0,297.0,0.9094712296824635,1.5724735614841236
40549949.0,el Poble Sec,Sants-Montjuïc,Private room in rental unit,Private room,41.36725,2.14374,40.0,1.0,5.0,1.0,1.0,1.0,63.0,40.0,3.88,4.84,4.71,4.97,4.79,4.79,t,100%,1.0,9.0,0.9094712296824635,1.5729735614841234
1.0693543999223598e+18,el Poble Sec,Sants-Montjuïc,Private room in rental unit,Private room,41.37481,2.16406,49.0,1.0,5.0,1.0,1.0,1.0,10.0,10.0,4.495681818181817,5.0,5.0,5.0,5.0,4.8,t,100%,1.0,4.0,0.8823125985872026,1.5741156299293604
9.332895860934543e+17,la Bordeta,Sants-Montjuïc,Private room in rental unit,Private room,41.37007657231496,2.134133130311966,44.0,1.0,7.0,1.0,1.0,1.0,27.0,27.0,3.68,4.93,4.89,4.89,4.81,4.85,f,100%,1.0,109.0,0.8974007269734586,1.574370036348673
1.0268396655064532e+18,Sants,Sants-Montjuïc,Private room in casa particular,Private room,41.374545,2.1361894,53.0,1.0,365.0,1.0,1.0,1.0,17.0,17.0,4.495681818181817,4.89,4.94,5.0,5.0,4.82,f,100%,1.0,0.0,0.8702420958781977,1.5755121047939102
28142990.0,la Dreta de l'Eixample,Eixample,Private room in rental unit,Private room,41.39785,2.16422,31.0,1.0,1125.0,1.0,1.0,1.0,115.0,19.0,2.08,4.83,4.92,4.93,4.98,4.83,f,100%,1.0,0.0,0.9366298607777245,1.5763314930388863
1.0375665669169386e+18,la Vila de Gràcia,Gràcia,Private room in rental unit,Private room,41.39896480562503,2.157511934638024,43.0,1.0,365.0,1.0,1.0,1.0,8.0,8.0,4.495681818181817,4.88,4.88,4.88,4.88,4.88,f,100%,1.0,78.0,0.9004183526507098,1.5770209176325358
6.556271106301815e+17,el Camp de l'Arpa del Clot,Sant Martí,Private room in rental unit,Private room,41.41362047912663,2.179584503173828,150.0,1.0,365.0,1.0,1.0,1.0,2.0,1.0,0.1,5.0,5.0,5.0,5.0,5.0,f,0%,1.0,90.0,0.5775324051848296,1.5788766202592417
7.201601359802816e+17,el Bon Pastor,Sant Andreu,Room in hotel,Private room,41.43862,2.20102,107.0,1.0,365.0,2.0,0.0,1.0,75.0,40.0,4.495681818181817,4.56,4.75,4.61,4.28,4.15,f,100%,1.0,293.0,0.707290309306632,1.5808645154653318
5.4560205744222656e+17,el Poble Sec,Sants-Montjuïc,Private room in rental unit,Private room,41.372250640851824,2.167589809131228,50.0,1.0,365.0,1.0,1.0,1.0,115.0,40.0,4.495681818181817,4.9,4.97,4.96,4.88,4.89,t,100%,1.0,17.0,0.8792949729099513,1.5809647486454976
7.25752679708396e+17,la Nova Esquerra de l'Eixample,Eixample,Room in hotel,Private room,41.3826,2.14688,131.0,1.0,365.0,1.0,0.0,1.0,6.0,3.0,0.36,4.67,4.5,4.67,4.5,4.17,f,100%,2.0,279.0,0.6348672930526027,1.5822433646526304
9.129064364977622e+17,Sant Andreu,Sant Andreu,Private room in home,Private room,41.427959,2.1904216,66.0,1.0,1125.0,1.0,1.0,1.0,11.0,11.0,1.28,5.0,4.91,5.0,4.91,4.91,f,90%,1.0,0.0,0.8310129620739318,1.5825506481036968
1.0951099674433268e+18,el Baix Guinardó,Horta-Guinardó,Private room in rental unit,Private room,41.4106738798116,2.1726080636374103,100.0,1.0,60.0,1.0,1.0,1.0,1.0,1.0,1.0,5.0,5.0,5.0,5.0,5.0,f,75%,1.0,89.0,0.7284136890473905,1.5864206844523698
27331263.0,la Sagrada Família,Eixample,Private room in rental unit,Private room,41.40980639507133,2.173281835733952,99.0,1.0,365.0,1.0,1.0,1.0,1.0,1.0,1.0,5.0,5.0,5.0,5.0,5.0,f,100%,1.0,262.0,0.7314313147246416,1.5865715657362323
9.926065556472177e+17,la Vila de Gràcia,Gràcia,Private room in rental unit,Private room,41.3975188803234,2.156666804927068,96.0,1.0,1125.0,1.0,1.0,1.0,3.0,3.0,0.6,5.0,5.0,5.0,5.0,5.0,f,100%,1.0,325.0,0.7404841917563953,1.58702420958782
1.0859999566000028e+18,el Raval,Ciutat Vella,Private room in rental unit,Private room,41.38505392265114,2.168683926915482,94.0,1.0,365.0,2.0,1.0,0.0,2.0,2.0,2.0,5.0,5.0,5.0,5.0,5.0,f,92%,1.0,230.0,0.7465194431108977,1.587325972155545
1.0077270853187094e+18,Sants - Badal,Sants-Montjuïc,Private room in rental unit,Private room,41.378739838537626,2.1282422898431963,40.0,1.0,7.0,1.0,1.0,1.0,32.0,32.0,4.495681818181817,4.97,4.97,4.97,4.88,4.94,t,100%,1.0,49.0,0.9094712296824635,1.5879735614841235
9.360491054697372e+17,"Sant Pere, Santa Caterina i la Ribera",Ciutat Vella,Private room in rental unit,Private room,41.38757504962374,2.1815454714337585,93.0,1.0,1125.0,2.0,0.0,1.0,21.0,21.0,3.17,4.38,4.62,4.43,4.76,4.29,f,50%,1.0,89.0,0.749537068788149,1.5879768534394076
9.673276771291556e+17,"Sant Pere, Santa Caterina i la Ribera",Ciutat Vella,Private room in rental unit,Private room,41.38790123557557,2.1760907469724624,79.0,1.0,30.0,2.0,1.0,0.0,16.0,16.0,2.62,5.0,5.0,5.0,4.94,5.0,t,100%,1.0,23.0,0.791783828269666,1.5895891914134836
8.83850469138339e+17,Sant Martí de Provençals,Sant Martí,Private room in rental unit,Private room,41.41986299692921,2.1981366223543444,50.0,1.0,3.0,1.0,1.0,1.0,26.0,26.0,2.59,4.93,4.96,5.0,4.85,4.96,t,100%,1.0,0.0,0.8792949729099513,1.5899647486454977
9.113192243275212e+17,el Poblenou,Sant Martí,Private room in rental unit,Private room,41.39692,2.20071,72.0,1.0,365.0,1.0,1.0,1.0,3.0,3.0,1.06,4.67,4.0,5.0,4.67,5.0,f,100%,1.0,270.0,0.8129072080104245,1.5906453604005215
10097327.0,Sant Gervasi - la Bonanova,Sarrià-Sant Gervasi,Private room in rental unit,Private room,41.411402068186575,2.137060458917743,61.0,1.0,1125.0,1.0,1.0,1.0,2.0,2.0,2.0,4.5,5.0,5.0,5.0,5.0,f,100%,1.0,98.0,0.8461010904601879,1.5923050545230097
8.001339869982633e+17,Sants - Badal,Sants-Montjuïc,Private room in rental unit,Private room,41.373561,2.1282081,60.0,1.0,365.0,2.0,0.0,0.0,1.0,1.0,1.0,4.0,4.0,5.0,4.28,4.0,f,100%,2.0,365.0,0.8491187161374392,1.592455935806872
9.9491205144196e+17,el Camp d'en Grassot i Gràcia Nova,Gràcia,Private room in rental unit,Private room,41.40503258253093,2.1708692751949705,59.0,1.0,365.0,1.0,1.0,1.0,2.0,2.0,0.43,5.0,5.0,5.0,5.0,5.0,f,100%,1.0,206.0,0.8521363418146903,1.5926068170907348
1.017861223492336e+18,Horta,Horta-Guinardó,Private room in rental unit,Private room,41.429371898175056,2.1605049446225166,50.0,1.0,365.0,2.0,1.0,0.0,1.0,1.0,0.37,5.0,5.0,5.0,5.0,5.0,f,23%,1.0,244.0,0.8792949729099513,1.5939647486454978
1.0036360973317642e+18,"Sant Pere, Santa Caterina i la Ribera",Ciutat Vella,Private room in rental unit,Private room,41.38513055907366,2.1827142078013133,46.0,1.0,365.0,2.0,1.0,0.0,2.0,2.0,2.0,5.0,5.0,5.0,5.0,5.0,f,100%,1.0,261.0,0.8913654756189562,1.5945682737809481
9.527000287152412e+17,la Bordeta,Sants-Montjuïc,Private room in rental unit,Private room,41.36769,2.13493,44.0,1.0,365.0,1.0,1.0,1.0,2.0,2.0,2.0,5.0,5.0,5.0,5.0,5.0,f,96%,1.0,57.0,0.8974007269734586,1.5948700363486732
1.0710265324615823e+18,el Poble Sec,Sants-Montjuïc,Private room in bed and breakfast,Private room,41.373808702073546,2.1660342289754757,40.0,1.0,14.0,1.0,1.0,1.0,1.0,1.0,1.0,5.0,5.0,5.0,5.0,5.0,f,18%,1.0,73.0,0.9094712296824635,1.5954735614841233
1.0971870178039928e+18,Navas,Sant Andreu,Private room in rental unit,Private room,41.4176549950444,2.188555486500263,40.0,1.0,31.0,2.0,1.0,0.0,1.0,1.0,1.0,5.0,5.0,5.0,5.0,5.0,f,100%,1.0,0.0,0.9094712296824635,1.5954735614841233
1.099033746321126e+18,la Sagrera,Sant Andreu,Private room in bed and breakfast,Private room,41.425276,2.1852716,40.0,1.0,29.0,1.0,1.0,1.0,1.0,1.0,1.0,5.0,5.0,5.0,5.0,5.0,f,100%,1.0,79.0,0.9094712296824635,1.5954735614841233
8.26704699338808e+17,el Poblenou,Sant Martí,Shared room in hostel,Shared room,41.40034,2.20585,37.0,1.0,14.0,1.0,1.0,1.0,3.0,3.0,0.27,5.0,5.0,5.0,5.0,5.0,f,50%,1.0,362.0,0.9185241067142171,1.595926205335711
1.0733402986848256e+18,l'Antiga Esquerra de l'Eixample,Eixample,Private room in rental unit,Private room,41.389233889887954,2.155090811589879,30.0,1.0,365.0,1.0,1.0,0.0,2.0,2.0,2.0,5.0,5.0,5.0,5.0,5.0,f,93%,2.0,7.0,0.9396474864549756,1.5969823743227491
8.731200926060932e+17,Sant Gervasi - Galvany,Sarrià-Sant Gervasi,Private room in rental unit,Private room,41.39715792491905,2.14906157899382,49.0,1.0,1125.0,1.0,2.0,1.0,0.0,0.0,1.36,4.476363636363636,4.615454545454546,4.574545454545455,4.814545454545455,4.311818181818182,f,30%,1.0,345.0,0.8823125985872026,1.6040247208384513
6.042395285156303e+17,la Barceloneta,Ciutat Vella,Private room in condo,Private room,41.37918884775224,2.188034280851646,50.0,2.0,30.0,1.0,1.0,1.0,22.0,22.0,2.02,4.5,4.82,4.73,5.0,4.32,f,100%,1.0,2.0,0.8792949729099513,1.6124647486454977
1.0193654817580724e+18,el Poble Sec,Sants-Montjuïc,Private room in rental unit,Private room,41.37345139862535,2.16559896240018,81.0,1.0,365.0,2.0,1.0,1.0,2.0,2.0,0.46,4.0,4.0,4.1431818181818185,4.28,3.683636363636365,f,0%,1.0,261.0,0.7857485769151635,1.6148101561184858
52604262.0,Sant Gervasi - la Bonanova,Sarrià-Sant Gervasi,Entire rental unit,Entire home/apt,41.40561,2.13736,82.0,1.0,365.0,3.0,0.0,0.0,115.0,40.0,4.495681818181817,4.44,4.07,4.83,4.69,4.35,f,100%,1.0,205.0,0.7827309512379124,1.6156365475618957
8.006662331457595e+17,el Raval,Ciutat Vella,Private room in rental unit,Private room,41.37885842455714,2.165725962198223,70.0,1.0,365.0,2.0,1.0,1.0,3.0,3.0,0.28,3.863863636363636,3.895000000000001,4.1431818181818185,4.67,3.683636363636365,f,100%,1.0,44.0,0.8189424593649269,1.616469850240974
7.170329079452003e+17,la Maternitat i Sant Ramon,Les Corts,Room in hotel,Private room,41.38443,2.12598,140.0,1.0,365.0,2.0,0.0,1.0,38.0,36.0,2.34,4.68,4.79,4.74,4.37,4.5,f,80%,1.0,290.0,0.6077086619573417,1.6173854330978672
28928898.0,el Parc i la Llacuna del Poblenou,Sant Martí,Private room in rental unit,Private room,41.39567,2.18836,67.0,2.0,1125.0,1.0,1.0,1.0,64.0,40.0,0.97,4.61,4.73,4.64,4.7,4.45,f,100%,1.0,45.0,0.8279953363966807,1.6183997668198342
1.0754811207019608e+18,el Barri Gòtic,Ciutat Vella,Private room in rental unit,Private room,41.38268826187472,2.180128092687864,76.0,2.0,365.0,2.0,1.0,0.0,5.0,5.0,3.33,4.6,4.8,4.8,4.8,4.4,f,100%,1.0,79.0,0.8008367053014197,1.6200418352650714
8.179073662697407e+17,Sants - Badal,Sants-Montjuïc,Private room in rental unit,Private room,41.37238542759836,2.127946916825365,44.0,1.0,365.0,2.0,1.0,0.0,2.0,2.0,2.0,3.863863636363636,3.895000000000001,4.1431818181818185,4.28,3.683636363636365,f,100%,2.0,365.0,0.8974007269734586,1.6203927636214006
22393434.0,la Nova Esquerra de l'Eixample,Eixample,Private room in rental unit,Private room,41.38,2.15329,58.0,4.0,30.0,2.0,0.0,0.0,7.0,0.0,0.09,3.863863636363636,3.895000000000001,4.1431818181818185,4.57,3.71,f,83%,1.0,130.0,0.8551539674919416,1.620916789283688
23911420.0,el Fort Pienc,Eixample,Private room in rental unit,Private room,41.39669,2.17983,201.0909090909091,2.0,1125.0,2.0,0.6363636363636364,0.2727272727272727,3.0,0.0,0.04,4.33,3.895000000000001,5.0,4.28,4.33,f,72%,1.0,0.0,0.4233591660379946,1.622349776483718
5180662.0,Sant Gervasi - Galvany,Sarrià-Sant Gervasi,Entire rental unit,Entire home/apt,41.39525,2.14101,210.0,2.0,730.0,2.0,1.0,0.0,115.0,26.0,1.32,4.78,4.71,4.9,4.81,4.63,f,100%,1.0,306.0,0.39647486454975644,1.6278237432274882
6.93499622607213e+17,Hostafrancs,Sants-Montjuïc,Private room in rental unit,Private room,41.37719,2.14679,69.9090909090909,1.0,365.0,1.0,1.181818181818182,1.181818181818182,41.0,1.0,2.18,4.95,4.78,4.95,4.95,4.85,t,50%,1.0,0.0,0.8192167889719498,1.628006293994052
9.82662183250224e+17,Navas,Sant Andreu,Private room in rental unit,Private room,41.419147069286346,2.1865594256508047,50.0,1.0,1125.0,2.0,1.0,1.0,7.0,7.0,1.71,3.863863636363636,3.895000000000001,4.29,4.43,3.71,f,9%,1.0,98.0,0.8792949729099513,1.6294647486454976
45211703.0,"Sant Pere, Santa Caterina i la Ribera",Ciutat Vella,Room in hotel,Private room,41.38788,2.18475,133.27272727272728,1.0,1125.0,1.0,1.0,1.9090909090909087,3.0,0.0,0.09,4.33,5.0,4.33,4.67,4.0,f,30%,1.0,0.0,0.6280090528770317,1.6297186344620334
15763812.0,el Poble Sec,Sants-Montjuïc,Private room in rental unit,Private room,41.37271,2.15723,53.0,2.0,1125.0,2.0,1.0,0.0,115.0,40.0,1.31,4.7,4.87,4.63,4.81,4.55,f,50%,1.0,16.0,0.8702420958781977,1.6300121047939102
41143389.0,el Poblenou,Sant Martí,Private room in rental unit,Private room,41.401999953023896,2.201191225990428,73.0,2.0,7.0,1.0,1.0,1.0,21.0,21.0,3.42,4.71,4.81,4.86,4.86,4.48,f,100%,1.0,54.0,0.8098895823331733,1.631494479116659
9.816363894922162e+17,la Nova Esquerra de l'Eixample,Eixample,Private room in home,Private room,41.37909533685456,2.1525775909284453,48.0,1.0,365.0,2.0,1.0,1.0,8.0,8.0,1.4,4.13,4.38,4.25,4.88,3.75,f,94%,1.0,230.0,0.8853302242644537,1.6317665112132227
34523402.0,el Poble Sec,Sants-Montjuïc,Entire loft,Entire home/apt,41.37151,2.16454,91.0,1.0,1125.0,2.0,0.0,1.0,115.0,40.0,4.495681818181817,4.73,4.88,4.81,4.75,4.58,t,100%,1.0,298.0,0.7555723201426514,1.6362786160071325
6.476437675054586e+17,Sant Antoni,Eixample,Private room in rental unit,Private room,41.37831,2.15771,45.0,2.0,31.0,1.0,1.0,1.0,0.0,0.0,2.5072727272727278,4.669090909090909,4.703636363636364,4.807272727272728,4.781818181818182,4.525454545454545,f,29%,1.0,12.0,0.8943831012962074,1.6376282459739013
41604535.0,les Roquetes,Nou Barris,Private room in rental unit,Private room,41.44644,2.17584,110.27272727272728,1.0,1125.0,1.0,1.2727272727272727,1.3636363636363635,0.0,0.0,1.267272727272727,4.641818181818182,4.725454545454545,4.848181818181819,4.774545454545454,4.615454545454545,f,100%,1.0,0.0,0.6974144434538098,1.638825267627236
1.0212398255349196e+18,la Verneda i la Pau,Sant Martí,Entire rental unit,Entire home/apt,41.4219,2.19956,82.0,1.0,1125.0,2.0,1.0,1.0,8.0,8.0,4.495681818181817,3.863863636363636,3.895000000000001,4.63,4.5,3.683636363636365,f,100%,1.0,67.0,0.7827309512379124,1.6390001839255324
6.699623015148091e+17,el Poblenou,Sant Martí,Private room in rental unit,Private room,41.39956,2.19774,72.0,2.0,1125.0,1.0,1.0,1.0,62.0,40.0,3.18,4.79,4.98,4.87,4.87,4.55,t,100%,1.0,0.0,0.8129072080104245,1.6391453604005215
9.543484125434852e+17,"Sant Pere, Santa Caterina i la Ribera",Ciutat Vella,Private room in rental unit,Private room,41.38971707713628,2.178926402687664,72.0,2.0,4.0,1.0,1.0,1.0,4.0,4.0,0.61,5.0,5.0,5.0,5.0,4.5,f,92%,1.0,2.0,0.8129072080104245,1.6406453604005213
1.075269002105238e+18,el Congrés i els Indians,Sant Andreu,Private room in rental unit,Private room,41.42290606840817,2.1832287221199427,74.0,2.0,365.0,2.0,1.0,0.0,3.0,3.0,3.0,4.5,4.67,4.67,4.67,4.67,f,100%,1.0,0.0,0.8068719566559222,1.6408435978327964
6.55100198489767e+17,el Camp de l'Arpa del Clot,Sant Martí,Private room in casa particular,Private room,41.41548,2.1821,95.0,1.0,1125.0,2.0,1.0,1.0,10.0,5.0,0.49,4.3,4.3,4.5,4.6,3.8,f,0%,1.0,359.0,0.7435018174336465,1.6421750908716826
8.592013065733953e+17,la Dreta de l'Eixample,Eixample,Private room in rental unit,Private room,41.39946,2.16364,58.0,2.0,365.0,1.0,1.0,1.0,13.0,13.0,1.57,4.77,4.77,4.92,4.92,4.54,t,100%,1.0,69.0,0.8551539674919416,1.6427576983745973
8.656625983972888e+17,Sant Gervasi - la Bonanova,Sarrià-Sant Gervasi,Private room in rental unit,Private room,41.4134391,2.1368746,47.0,2.0,1125.0,1.0,1.0,1.0,10.0,10.0,1.63,4.7,4.9,4.6,4.5,4.7,f,100%,1.0,33.0,0.888347849941705,1.6444173924970853
9.28376386908074e+17,"Vallvidrera, el Tibidabo i les Planes",Sarrià-Sant Gervasi,Private room in home,Private room,41.4213844,2.0855932,67.0,1.0,4.0,1.0,2.0,1.2727272727272727,1.0,1.0,0.21,5.0,4.0,5.0,5.0,4.0,f,50%,1.0,0.0,0.8279953363966807,1.6459452213652885
9.423526630686044e+17,la Dreta de l'Eixample,Eixample,Private room in rental unit,Private room,41.40052559999999,2.1705653,152.0,1.0,365.0,2.0,1.0,1.0,0.0,0.0,1.619090909090909,4.188181818181818,4.467272727272728,4.1431818181818185,4.493636363636364,4.102727272727273,f,100%,1.0,48.0,0.5714971538303272,1.6460066758733347
4783753.0,Sant Antoni,Eixample,Private room in rental unit,Private room,41.37959,2.15996,159.0,2.0,5.0,1.0,1.0,1.0,54.0,1.0,0.5,4.83,4.94,4.85,4.85,4.77,f,100%,1.0,364.0,0.5503737740895687,1.6470186887044787
1.0942116745176049e+18,Horta,Horta-Guinardó,Private room in rental unit,Private room,41.435881512331775,2.158412387077413,36.0,2.0,365.0,1.0,1.0,1.0,0.0,0.0,1.818181818181818,4.72,4.848181818181818,4.909090909090909,4.788181818181818,4.575454545454545,f,100%,1.0,30.0,0.9215417323914683,1.6490770866195736
9.252313325360118e+17,la Teixonera,Horta-Guinardó,Private room in rental unit,Private room,41.42348505089807,2.15058546513319,35.0,1.0,10.0,2.0,1.0,1.0,30.0,30.0,3.61,4.0,4.4,4.33,4.28,3.87,f,90%,1.0,237.0,0.9245593580687196,1.649727967903436
27046976.0,Hostafrancs,Sants-Montjuïc,Private room in rental unit,Private room,41.37561,2.14319,50.0,2.0,32.0,1.0,1.0,1.0,25.0,16.0,0.37,4.72,4.28,4.84,4.72,4.64,t,100%,1.0,39.0,0.8792949729099513,1.6499647486454976
9.33785806260598e+17,la Vila de Gràcia,Gràcia,Private room in rental unit,Private room,41.40215,2.16252,75.0,2.0,90.0,1.0,1.0,1.0,5.0,5.0,0.79,5.0,4.8,5.0,5.0,4.6,f,100%,1.0,142.0,0.8038543309786709,1.6501927165489336
8.179535362267035e+17,el Besòs i el Maresme,Sant Martí,Private room in rental unit,Private room,41.41548126276248,2.213019616233513,38.0,2.0,700.0,1.0,1.0,1.0,48.0,40.0,3.6,4.69,4.65,4.75,4.65,4.67,f,100%,1.0,279.0,0.915506481036966,1.6502753240518486
6.985839172944129e+17,el Raval,Ciutat Vella,Private room in rental unit,Private room,41.37678,2.17344,61.0,1.0,30.0,1.0,1.0,1.0,15.0,6.0,0.88,4.2,4.33,4.47,4.28,3.87,f,50%,2.0,90.0,0.8461010904601879,1.6528050545230095
6.916799588108554e+17,Vilapicina i la Torre Llobeta,Nou Barris,Private room in rental unit,Private room,41.42934,2.16609,64.0,2.0,365.0,1.0,1.0,1.0,47.0,30.0,2.5,4.77,4.89,4.94,4.74,4.64,f,100%,1.0,365.0,0.8370482134284343,1.652852410671422
9.076297886303104e+17,la Sagrada Família,Eixample,Private room in rental unit,Private room,41.40169,2.17524,59.0,1.0,20.0,2.0,1.0,1.0,9.0,9.0,1.11,4.11,4.67,4.22,4.89,4.0,f,90%,1.0,364.0,0.8521363418146903,1.6536068170907348
52979425.0,el Raval,Ciutat Vella,Room in boutique hotel,Private room,41.38447,2.1691,176.9090909090909,1.0,1125.0,1.0,1.0,1.818181818181818,0.0,0.0,2.701818181818182,4.472727272727273,4.593636363636363,4.670909090909091,4.656363636363636,4.317272727272727,t,100%,1.0,170.0,0.49633084150606954,1.6537256329843946
8.179052763160424e+17,"Sant Pere, Santa Caterina i la Ribera",Ciutat Vella,Private room in rental unit,Private room,41.383691544402645,2.18276285349887,47.0,1.0,90.0,2.0,1.0,1.0,9.0,9.0,1.34,4.22,4.0,4.44,5.0,3.89,f,96%,1.0,294.0,0.888347849941705,1.6554173924970854
9.717332975512004e+17,Porta,Nou Barris,Private room in rental unit,Private room,41.4368,2.18317,47.0,2.0,365.0,2.0,1.0,0.0,22.0,22.0,3.44,4.82,4.95,4.86,4.36,4.68,t,100%,1.0,17.0,0.888347849941705,1.6554173924970854
6.634526451920168e+17,la Barceloneta,Ciutat Vella,Private room in rental unit,Private room,41.38056,2.18671,32.0,2.0,300.0,1.0,1.0,1.0,22.0,21.0,1.22,4.86,4.64,4.82,4.91,4.68,f,97%,1.0,21.0,0.9336122351004732,1.6556806117550238
8.381333773548806e+17,la Font de la Guatlla,Sants-Montjuïc,Entire rental unit,Entire home/apt,41.37136,2.14469,73.0,1.0,365.0,2.0,1.0,1.0,33.0,32.0,2.7,4.09,4.09,4.61,4.58,3.85,f,91%,1.0,205.0,0.8098895823331733,1.655994479116659
6.947586674847795e+17,el Barri Gòtic,Ciutat Vella,Private room in rental unit,Private room,41.38335,2.17557,55.0,2.0,365.0,1.0,1.0,1.0,91.0,40.0,4.495681818181817,4.78,4.93,4.9,4.96,4.69,f,100%,1.0,79.0,0.8642068445236952,1.657210342226185
43473897.0,el Poble Sec,Sants-Montjuïc,Private room in rental unit,Private room,41.37109,2.15658,134.72727272727272,1.0,31.0,1.0,1.0909090909090908,1.5454545454545454,30.0,0.0,0.66,4.8,4.83,4.77,4.8,4.7,f,30%,1.0,0.0,0.6236197791646664,1.6578628071400514
18788457.0,la Sagrada Família,Eixample,Private room in rental unit,Private room,41.4045,2.18349,50.0,2.0,1125.0,1.0,1.0,1.0,103.0,40.0,4.495681818181817,4.83,4.91,4.89,4.82,4.7,t,100%,1.0,41.0,0.8792949729099513,1.6584647486454975
27414833.0,el Raval,Ciutat Vella,Private room in rental unit,Private room,41.38218,2.16535,100.0,2.0,25.0,1.0,1.0,1.0,39.0,11.0,0.57,4.98,4.9,4.82,4.95,4.82,f,100%,1.0,0.0,0.7284136890473905,1.6594206844523698
6.691770347769219e+17,la Barceloneta,Ciutat Vella,Entire rental unit,Entire home/apt,41.38158,2.1913,114.0,2.0,365.0,2.0,0.0,1.0,56.0,39.0,3.02,4.29,4.23,4.1431818181818185,4.68,4.18,f,96%,1.0,210.0,0.6861669295658734,1.6594674373873846
1.0470274820515548e+18,el Barri Gòtic,Ciutat Vella,Private room in rental unit,Private room,41.38246769780157,2.176533458117498,66.0,1.0,365.0,1.0,1.0,1.0,1.0,1.0,0.77,3.863863636363636,4.0,5.0,4.28,3.683636363636365,f,100%,2.0,173.0,0.8310129620739318,1.6599142844673334
9.528982052093116e+17,el Camp d'en Grassot i Gràcia Nova,Gràcia,Private room in rental unit,Private room,41.4087262,2.1611987,77.0,2.0,5.0,2.0,1.0,0.0,22.0,22.0,3.35,4.86,4.86,5.0,4.95,4.73,t,90%,1.0,91.0,0.7978190796241684,1.6628909539812087
9.58389087107067e+17,el Raval,Ciutat Vella,Entire rental unit,Entire home/apt,41.379302,2.1659538,68.0,1.0,365.0,2.0,1.0,1.0,19.0,19.0,2.98,4.16,4.32,4.58,4.37,3.95,f,100%,1.0,27.0,0.8249777107194294,1.6652488855359715
7.578116272178449e+17,la Dreta de l'Eixample,Eixample,Private room in rental unit,Private room,41.39795,2.17364,67.0,2.0,730.0,1.0,1.0,0.0,33.0,30.0,2.39,4.83,4.94,4.97,5.0,4.76,t,100%,2.0,0.0,0.8279953363966807,1.665899766819834
8.035665898133245e+17,el Poble Sec,Sants-Montjuïc,Private room in rental unit,Private room,41.37476409021885,2.166579515257161,37.0,1.0,365.0,1.0,1.0,1.0,0.0,0.0,0.5572727272727271,4.3,4.3590909090909085,4.346363636363637,4.7681818181818185,4.055454545454546,f,0%,2.0,340.0,0.9185241067142171,1.6687898416993474
1.0798191746854632e+18,Navas,Sant Andreu,Private room in rental unit,Private room,41.41594223893208,2.187193446541267,40.0,1.0,5.0,2.0,1.0,1.0,0.0,0.0,1.997272727272727,4.352727272727273,4.057272727272728,4.363636363636363,4.511818181818182,4.068181818181818,f,5%,1.0,20.0,0.9094712296824635,1.6704735614841235
22877741.0,"Sant Pere, Santa Caterina i la Ribera",Ciutat Vella,Private room in rental unit,Private room,41.38352,2.18154,48.0,3.0,365.0,1.0,1.0,1.0,25.0,0.0,1.1,4.32,4.04,4.4,4.84,4.08,f,50%,1.0,179.0,0.8853302242644537,1.6722665112132231
8.72436662452605e+17,la Nova Esquerra de l'Eixample,Eixample,Private room in rental unit,Private room,41.38182470613605,2.1503404274649798,80.0,1.0,1125.0,2.0,1.0,1.0,0.0,0.0,2.040909090909091,4.384545454545454,4.454545454545454,4.399090909090909,4.557272727272728,4.130909090909091,f,57%,1.0,353.0,0.7887662025924148,1.6724837646750754
6.35426407936522e+17,el Raval,Ciutat Vella,Private room in condo,Private room,41.383575,2.169703,81.0,2.0,40.0,1.0,1.0,1.0,93.0,40.0,4.33,4.94,4.97,4.94,4.98,4.87,t,100%,1.0,0.0,0.7857485769151635,1.6732874288457584
6.917231069542904e+17,el Camp de l'Arpa del Clot,Sant Martí,Private room in rental unit,Private room,41.4136428,2.1846165,37.0,2.0,186.0,1.0,1.0,1.0,40.0,33.0,2.87,4.85,4.83,4.9,4.83,4.83,t,100%,1.0,119.0,0.9185241067142171,1.6739262053357111
9.143450052040526e+17,el Congrés i els Indians,Sant Andreu,Private room in rental unit,Private room,41.426281786737256,2.1789568905779566,45.0,2.0,31.0,1.0,1.0,1.0,20.0,20.0,2.63,4.9,4.95,4.9,4.75,4.85,t,100%,1.0,277.0,0.8943831012962074,1.6747191550648106
9.159247191751274e+17,el Guinardó,Horta-Guinardó,Private room in rental unit,Private room,41.4197356,2.1759792,49.0,2.0,180.0,2.0,1.0,0.0,37.0,37.0,4.37,5.0,4.89,5.0,4.81,4.81,t,100%,1.0,259.0,0.8823125985872026,1.6751156299293604
24376264.0,les Corts,Les Corts,Private room in rental unit,Private room,41.38815,2.14274,51.0,2.0,6.0,1.0,1.0,1.0,39.0,18.0,0.54,4.87,4.85,4.92,4.87,4.87,t,59%,1.0,5.0,0.8762773472327001,1.6768138673616353
9.374657357468636e+17,la Sagrera,Sant Andreu,Private room in rental unit,Private room,41.4240681,2.1912424,70.0,1.0,3.0,2.0,1.0,1.0,7.0,7.0,1.11,4.14,4.14,5.0,4.71,3.86,f,100%,1.0,89.0,0.8189424593649269,1.6769471229682464
8.896578722393372e+17,el Poble Sec,Sants-Montjuïc,Private room in rental unit,Private room,41.3732013,2.168436,45.0,2.0,365.0,1.0,1.0,1.0,27.0,27.0,2.84,4.85,4.78,4.89,4.85,4.88,f,100%,1.0,134.0,0.8943831012962074,1.6772191550648103
9.578837276530424e+17,el Putxet i el Farró,Sarrià-Sant Gervasi,Private room in rental unit,Private room,41.4028775,2.1481994,60.0,1.0,365.0,1.0,1.0,1.0,10.0,10.0,1.52,4.2,4.9,4.3,4.7,4.2,f,100%,2.0,319.0,0.8491187161374392,1.6774559358068721
6.665324558487857e+17,les Corts,Les Corts,Private room in home,Private room,41.3827753,2.1327111,60.0,1.0,1125.0,2.0,1.0,1.0,20.0,0.0,0.99,4.15,4.45,4.7,4.65,4.0,f,80%,1.0,30.0,0.8491187161374392,1.6774559358068721
6.52590524934252e+17,la Bordeta,Sants-Montjuïc,Private room in rental unit,Private room,41.3689157,2.1340915,90.0,1.0,365.0,2.0,1.0,1.0,16.0,0.0,0.76,4.5,5.0,4.44,4.44,4.19,f,30%,1.0,171.0,0.7585899458199026,1.6789294972909952
9.332284806763018e+17,la Prosperitat,Nou Barris,Private room,Private room,41.445789,2.1838686,40.0,2.0,1125.0,1.0,1.0,1.0,26.0,26.0,3.35,4.88,4.96,5.0,4.81,4.85,t,100%,1.0,309.0,0.9094712296824635,1.6804735614841233
6.30208053524228e+17,el Camp de l'Arpa del Clot,Sant Martí,Private room in rental unit,Private room,41.4083329,2.184343,99.0,3.0,28.0,1.0,1.0,1.0,0.0,0.0,1.776363636363636,4.347272727272728,4.53,4.638181818181819,4.59,4.119999999999999,f,5%,1.0,358.0,0.7314313147246416,1.6804806566453232
52418944.0,la Trinitat Nova,Nou Barris,Private room in rental unit,Private room,41.45133,2.18857,27.0,1.0,365.0,2.0,1.0,0.0,66.0,36.0,2.18,4.23,4.35,4.39,4.28,4.14,f,98%,2.0,222.0,0.9487003634867293,1.6809350181743365
1.0086807106922956e+18,el Raval,Ciutat Vella,Private room in rental unit,Private room,41.37926968498758,2.1685392980852627,264.0,1.0,365.0,2.0,1.0,1.0,0.0,0.0,2.5809090909090906,4.541818181818182,4.46090909090909,4.607272727272727,4.594545454545455,4.394545454545455,f,54%,1.0,269.0,0.23352307797819072,1.6814943357170915
39084865.0,el Camp d'en Grassot i Gràcia Nova,Gràcia,Private room in rental unit,Private room,41.4071,2.16499,253.0,1.0,3.0,1.0,1.7272727272727273,1.818181818181818,6.0,0.0,0.11,4.0,4.0,4.33,4.33,4.17,f,60%,1.0,0.0,0.2667169604279541,1.683199484385034
5.614329536818657e+17,"Sant Pere, Santa Caterina i la Ribera",Ciutat Vella,Entire loft,Entire home/apt,41.386845,2.180126,110.0,1.0,23.0,2.0,1.0,1.0,4.0,4.0,0.83,4.75,3.895000000000001,4.5,5.0,4.25,f,50%,1.0,268.0,0.6982374322748783,1.6849118716137443
8.063044068679255e+17,Sant Andreu,Sant Andreu,Private room in rental unit,Private room,41.43009,2.19054,49.0,2.0,14.0,1.0,1.0,1.0,27.0,27.0,4.495681818181817,4.93,4.81,4.96,4.89,4.93,t,100%,1.0,23.0,0.8823125985872026,1.6851156299293604
1.0897039522726176e+18,Sants,Sants-Montjuïc,Private room in rental unit,Private room,41.38125189157478,2.135826274752617,79.0,2.0,365.0,2.0,2.0,0.0,0.0,0.0,1.9845454545454544,4.333636363636364,4.206363636363636,4.315454545454545,4.77,4.3,f,94%,1.0,194.0,0.791783828269666,1.6853619186862105
14001620.0,la Nova Esquerra de l'Eixample,Eixample,Private room in rental unit,Private room,41.38073,2.14363,53.0,1.0,30.0,2.0,1.0,1.0,19.0,0.0,0.2,4.16,4.21,4.58,4.42,4.17,f,100%,1.0,86.0,0.8702420958781977,1.6895121047939103
8.934239869918982e+17,el Besòs i el Maresme,Sant Martí,Private room in rental unit,Private room,41.41376584488594,2.215441375115584,57.0,1.0,365.0,2.0,1.0,1.0,15.0,15.0,1.54,4.4,4.47,4.8,4.28,4.07,f,95%,1.0,143.0,0.8581715931691928,1.6899085796584596
9.176677492880152e+17,Sarrià,Sarrià-Sant Gervasi,Private room in rental unit,Private room,41.39347117838653,2.126718892667125,70.0,1.0,365.0,2.0,1.0,1.0,0.0,0.0,1.5663636363636364,4.526363636363636,4.511818181818182,4.530909090909091,4.637272727272727,4.225454545454546,f,38%,1.0,268.0,0.8189424593649269,1.6900380320591555
9.4410474461396e+17,el Raval,Ciutat Vella,Private room in rental unit,Private room,41.37509346045371,2.1717479664745145,75.0,1.0,365.0,1.0,1.0,1.0,2.0,2.0,0.34,4.5,4.5,5.0,4.5,4.0,f,50%,2.0,89.0,0.8038543309786709,1.6901927165489337
1.023860637403238e+18,el Barri Gòtic,Ciutat Vella,Private room in rental unit,Private room,41.3832,2.1733,70.0,1.0,365.0,2.0,1.0,1.0,3.0,3.0,3.0,4.0,4.0,5.0,5.0,4.0,f,100%,1.0,0.0,0.8189424593649269,1.6909471229682465
9.737226670291912e+17,el Camp de l'Arpa del Clot,Sant Martí,Private room in rental unit,Private room,41.412108197162055,2.17552564478308,70.0,1.0,365.0,2.0,1.0,1.0,1.0,1.0,1.0,5.0,5.0,5.0,5.0,4.0,f,75%,1.0,259.0,0.8189424593649269,1.6909471229682465
6.636584400245427e+17,el Guinardó,Horta-Guinardó,Private room in rental unit,Private room,41.423608,2.1743695,39.0,2.0,15.0,1.0,1.0,1.0,55.0,32.0,2.7,4.98,4.98,5.0,4.84,4.96,t,100%,1.0,228.0,0.9124888553597147,1.6916244427679858
9.74672959645602e+17,el Putxet i el Farró,Sarrià-Sant Gervasi,Private room in rental unit,Private room,41.4028775,2.1481994,64.0,1.0,365.0,1.0,1.0,1.0,15.0,15.0,2.57,4.47,4.73,4.6,4.87,4.2,f,100%,2.0,49.0,0.8370482134284343,1.691852410671422
42918242.0,les Corts,Les Corts,Shared room in bed and breakfast,Shared room,41.38863,2.13271,100.0,1.0,1125.0,1.0,1.0,1.0,60.0,40.0,4.04,4.45,4.53,4.35,4.58,4.38,f,85%,2.0,246.0,0.7284136890473905,1.6919206844523698
37393507.0,la Vila de Gràcia,Gràcia,Private room in rental unit,Private room,41.40305,2.15496,59.0,3.0,30.0,1.0,1.0,1.0,4.0,4.0,0.46,4.5,4.5,4.5,4.5,4.25,f,60%,1.0,84.0,0.8521363418146903,1.692606817090735
6.235417190244643e+17,el Clot,Sant Martí,Private room in rental unit,Private room,41.41237,2.19244,80.0,1.0,365.0,2.0,1.0,1.0,16.0,5.0,0.77,4.56,4.75,4.81,4.5,4.13,f,43%,1.0,360.0,0.7887662025924148,1.692938310129621
1630947.0,la Vila de Gràcia,Gràcia,Private room in rental unit,Private room,41.39738,2.15908,55.0,2.0,30.0,1.0,1.0,1.0,24.0,15.0,0.21,5.0,5.0,5.0,5.0,5.0,f,25%,1.0,139.0,0.8642068445236952,1.6932103422261848
